{
  "Aiken County, SC": [
    33.5723191,
    -81.6182086
  ],
  "Albertville, AL": [
    34.2675937,
    -86.2088669
  ],
  "Atlanta, GA": [
    33.7544657,
    -84.3898151
  ],
  "Austin, TX": [
    30.2711286,
    -97.7436995
  ],
  "Baton Rouge, LA": [
    30.4494155,
    -91.1869659
  ],
  "Birmingham, AL": [
    33.5206824,
    -86.8024326
  ],
  "Boca Raton, FL": [
    26.3586885,
    -80.0830984
  ],
  "Boston, MA": [
    42.3588336,
    -71.0578303
  ],
  "Carmel, IN": [
    39.9784186,
    -86.1283681
  ],
  "Charlotte, NC": [
    35.2272086,
    -80.8430827
  ],
  "Chicago, IL": [
    41.8755616,
    -87.6244212
  ],
  "Cincinnati, OH": [
    39.1014537,
    -84.5124602
  ],
  "Cleveland, OH": [
    41.4996574,
    -81.6936772
  ],
  "Crozet, VA": [
    38.0695816,
    -78.7005751
  ],
  "Crystal Lake, IL": [
    42.2411344,
    -88.3161965
  ],
  "Cumming, GA": [
    34.2073196,
    -84.1401926
  ],
  "Dallas, TX": [
    32.7762719,
    -96.7968559
  ],
  "Denver, CO": [
    39.7392364,
    -104.984862
  ],
  "Detroit, MI": [
    42.3315509,
    -83.0466403
  ],
  "Fort Lauderdale, FL": [
    26.1223084,
    -80.1433786
  ],
  "Fort Worth, TX": [
    32.753177,
    -97.3327459
  ],
  "Getzville, NY": [
    43.0243244,
    -78.7678332
  ],
  "Grand Rapids, MI": [
    42.9632425,
    -85.6678639
  ],
  "Houston, TX": [
    29.7589382,
    -95.3676974
  ],
  "Huntsville, AL": [
    34.729847,
    -86.5859011
  ],
  "Jacksonville, FL": [
    30.3262247,
    -81.6579179
  ],
  "Knoxville, TN": [
    35.9603948,
    -83.9210261
  ],
  "Louisville, KY": [
    38.2542376,
    -85.759407
  ],
  "Miami, FL": [
    25.7741566,
    -80.1935973
  ],
  "Montgomery, AL": [
    32.3777111,
    -86.3090775
  ],
  "Naperville, IL": [
    41.7728699,
    -88.1479278
  ],
  "Narragansett, RI": [
    41.4325574,
    -71.4579836
  ],
  "Nashville": [
    36.1622767,
    -86.7742984
  ],
  "Nashville, TN": [
    36.1622767,
    -86.7742984
  ],
  "New Brunswick, NJ": [
    40.4951365,
    -74.4439254
  ],
  "New Orleans, LA": [
    29.9561422,
    -90.0733934
  ],
  "New York, NY": [
    40.7127281,
    -74.0060152
  ],
  "Olathe, KS": [
    38.8838856,
    -94.81887
  ],
  "Orlando, FL": [
    28.5421218,
    -81.379045
  ],
  "Pittsburg, PA": [
    40.9328397,
    -80.3633981
  ],
  "Pittsburgh, PA": [
    40.4406968,
    -80.0025666
  ],
  "Plano, TX": [
    33.0136764,
    -96.6925096
  ],
  "Reston, VA": [
    38.953282,
    -77.3464516
  ],
  "San Francisco, CA": [
    37.7879363,
    -122.4075201
  ],
  "Seoul": [
    33.5497363,
    -101.9112756
  ],
  "Smithfield, RI": [
    41.9220433,
    -71.549507
  ],
  "St. Louis, MO": [
    38.6254063,
    -90.190009
  ],
  "Tampa, FL": [
    27.9449854,
    -82.4583107
  ],
  "Tuscaloosa, AL": [
    33.2095614,
    -87.5675258
  ],
  "Wall Township, NJ": [
    40.1743052,
    -74.0902219
  ],
  "Washington, DC": [
    38.8950982,
    -77.0363849
  ]
}